{"cameraMode":{"drawMode":0,"name":"Shaded","section":"Shading Mode"},"sceneLighting":false,"audioPlay":false,"sceneViewState":{"m_AlwaysRefresh":false,"showFog":true,"showSkybox":false,"showFlares":true,"showImageEffects":true,"showParticleSystems":true,"showVisualEffectGraphs":true,"m_FxEnabled":true},"in2DMode":false,"pivot":{"x":-0.0000019073486328125,"y":2.5574302673339845,"z":4.76837158203125e-7},"rotation":{"x":-0.1227244958281517,"y":-0.06634645909070969,"z":0.008225436322391034,"w":-0.990215003490448},"size":8.626286506652832,"orthographic":false}